Comparison,PCA_Num,PCA Stage,Model,Accuracy_Mean,Accuracy_Std,Accuracy_95CI_Low,Accuracy_95CI_High,AUC_Mean,AUC_Std,AUC_95CI_Low,AUC_95CI_High,Sensitivity_Mean,Sensitivity_Std,Sensitivity_95CI_Low,Sensitivity_95CI_High,Specificity_Mean,Specificity_Std,Specificity_95CI_Low,Specificity_95CI_High,F1-score_Mean,F1-score_Std,F1-score_95CI_Low,F1-score_95CI_High,Mean_TP,Mean_TN,Mean_FP,Mean_FN
NC vs MCI,50,Before Scaling,SVM (RBF),0.7216867469879518,0.02673776026647247,0.6884874326724697,0.7548860613034338,0.7661332718050514,0.03100590504667335,0.7276343557768726,0.8046321878332302,0.6599681193123816,0.0650096333084002,0.5792479980969127,0.7406882405278505,0.7664539805987107,0.06694771892271077,0.6833274082505157,0.8495805529469057,0.6492324239790273,0.031022483470774263,0.6107129231184955,0.687751924839559,42.8,77.0,23.8,22.4
NC vs AD,50,Before Scaling,SVM (RBF),0.8090540035254528,0.04583094969321122,0.7521473632879044,0.8659606437630011,0.8858710015903302,0.027116292682500813,0.8522016772017127,0.9195403259789476,0.7697087465380149,0.04895521110981416,0.7089228233784937,0.8304946696975362,0.8520700911938504,0.07671434270920013,0.756816653705971,0.9473235286817298,0.7948037587153599,0.043175843938346954,0.7411938677050501,0.8484136497256697,71.2,85.6,15.2,21.8
MCI vs AD,50,Before Scaling,SVM (RBF),0.7370989570894035,0.04086017467851261,0.6863643492307773,0.7878335649480298,0.7989025315546658,0.030651343073596512,0.7608438623635887,0.836961200745743,0.7483685698359611,0.05793346171730151,0.6764346761302716,0.8203024635416506,0.7208921528372659,0.06486570349234463,0.6403507440926612,0.8014335615818706,0.7692486026814092,0.03997926690317906,0.7196077862931524,0.818889419069666,69.6,47.0,18.2,23.4
